{"val_accuracy":0.9738333333333333,"_wandb":{"runtime":4},"val_loss":0.09538718603556665,"test_accuracy":0.9753,"_runtime":4,"_step":9,"epoch":10,"train_accuracy":0.992537037037037,"val_f1":0.9734076770325648,"_timestamp":1.77288442947979e+09,"test_f1":0.97503387430099,"train_loss":0.022810749663323922}